state,dc_count,bess_mw,solar_mw,bess_gw,solar_gw
NSW,21.0,18587.66,8201.92,18.58766,8.20192
VIC,13.0,13636.64,2475.71,13.63664,2.47571
QLD,4.0,24737.74,17628.4,24.737740000000002,17.628400000000003
SA,2.0,9143.76,735.8,9.14376,0.7358
WA,0.0,0.0,0.0,0.0,0.0
ACT,7.0,0.0,0.0,0.0,0.0
TAS,0.0,20.0,0.0,0.02,0.0
